{
  "text only": {
    "mean_auc": 0.9388787559329952,
    "macro_f1": 0.7827301162186304,
    "roc_auc": {
      "ADD": 0.9571785363173722,
      "SXL": 0.942778413810133,
      "PH": 0.9136918747704101,
      "HH": 0.9418661988340652
    },
    "per_label_f1": {
      "ADD": 0.8809338521400778,
      "SXL": 0.7315789473684211,
      "PH": 0.7418032786885246,
      "HH": 0.776604386677498
    }
  },
  "image - clip": {
    "mean_auc": 0.8433200604646955,
    "macro_f1": 0.5883283608174995,
    "roc_auc": {
      "ADD": 0.9266665943789036,
      "SXL": 0.8426695400363661,
      "PH": 0.7901084010840108,
      "HH": 0.8138357063595019
    },
    "per_label_f1": {
      "ADD": 0.765,
      "SXL": 0.49698795180722893,
      "PH": 0.5535248041775457,
      "HH": 0.5378006872852233
    }
  },
  "image - clip_ocr": {
    "mean_auc": 0.8454371640643851,
    "macro_f1": 0.5910881317662079,
    "roc_auc": {
      "ADD": 0.9274082668285913,
      "SXL": 0.8466484836240376,
      "PH": 0.7940812592269144,
      "HH": 0.8136106465779971
    },
    "per_label_f1": {
      "ADD": 0.769098712446352,
      "SXL": 0.49691358024691357,
      "PH": 0.5545691906005222,
      "HH": 0.5437710437710438
    }
  },
  "image - clip_nsfw_violence": {
    "mean_auc": 0.8463885563009361,
    "macro_f1": 0.5862465057229468,
    "roc_auc": {
      "ADD": 0.9280516279204257,
      "SXL": 0.8540417985498463,
      "PH": 0.7868868650323332,
      "HH": 0.8165739337011393
    },
    "per_label_f1": {
      "ADD": 0.7656380316930775,
      "SXL": 0.49746192893401014,
      "PH": 0.5504677498769079,
      "HH": 0.5314183123877917
    }
  },
  "multimodal - clip": {
    "mean_auc": 0.9366761837050108,
    "macro_f1": 0.7793432006175831,
    "roc_auc": {
      "ADD": 0.9546560548230394,
      "SXL": 0.9409399061665207,
      "PH": 0.9094688069642846,
      "HH": 0.9416399668661988
    },
    "per_label_f1": {
      "ADD": 0.87548942834769,
      "SXL": 0.731016731016731,
      "PH": 0.7367750159337157,
      "HH": 0.7740916271721959
    }
  },
  "multimodal - clip_ocr": {
    "mean_auc": 0.9368773748088811,
    "macro_f1": 0.7805036383102969,
    "roc_auc": {
      "ADD": 0.95558639833449,
      "SXL": 0.9395559745886367,
      "PH": 0.9104786559374545,
      "HH": 0.9418884703749433
    },
    "per_label_f1": {
      "ADD": 0.8786217697729053,
      "SXL": 0.737516005121639,
      "PH": 0.7338403041825095,
      "HH": 0.7720364741641338
    }
  },
  "multimodal - clip_nsfw_violence": {
    "mean_auc": 0.9345639550722679,
    "macro_f1": 0.7823415636920862,
    "roc_auc": {
      "ADD": 0.9516474381216747,
      "SXL": 0.9361281343300335,
      "PH": 0.910678269186784,
      "HH": 0.9398019786505791
    },
    "per_label_f1": {
      "ADD": 0.8791893998441154,
      "SXL": 0.7391304347826086,
      "PH": 0.74,
      "HH": 0.7710464201416207
    }
  }
}