{
  "model_name": "distilroberta-base",
  "mode": "image",
  "image_feature_dim": 526,
  "image_analysis_model": "clip",
  "xai_method": "gradient_tokens",
  "train_size": 11068,
  "validation_size": 2767,
  "f1_thresholds": {
    "ADD": 0.5500000000000002,
    "SXL": 0.7500000000000002,
    "PH": 0.5000000000000001,
    "HH": 0.5500000000000002
  },
  "f2_thresholds": {
    "ADD": 0.30000000000000004,
    "SXL": 0.30000000000000004,
    "PH": 0.30000000000000004,
    "HH": 0.20000000000000004
  },
  "policy_thresholds": {
    "0_4": {
      "ADD": {
        "warn": 0.22,
        "block": 0.45
      },
      "SXL": {
        "warn": 0.12,
        "block": 0.28
      },
      "PH": {
        "warn": 0.18,
        "block": 0.35
      },
      "HH": {
        "warn": 0.14,
        "block": 0.3
      }
    },
    "5_8": {
      "ADD": {
        "warn": 0.26,
        "block": 0.52
      },
      "SXL": {
        "warn": 0.16,
        "block": 0.34
      },
      "PH": {
        "warn": 0.22,
        "block": 0.4
      },
      "HH": {
        "warn": 0.18,
        "block": 0.36
      }
    },
    "9_12": {
      "ADD": {
        "warn": 0.3,
        "block": 0.58
      },
      "SXL": {
        "warn": 0.2,
        "block": 0.4
      },
      "PH": {
        "warn": 0.26,
        "block": 0.46
      },
      "HH": {
        "warn": 0.22,
        "block": 0.42
      }
    }
  },
  "policy_metrics": {
    "0_4": {
      "block_precision": 0.7755331088664422,
      "block_recall": 0.9792158715162966,
      "false_block_rate": 0.974025974025974,
      "false_allow_rate": 0.002834199338686821,
      "protection_precision": 0.7690346083788707
    },
    "5_8": {
      "block_precision": 0.7815608263198164,
      "block_recall": 0.9650448748228625,
      "false_block_rate": 0.9661590524534687,
      "false_allow_rate": 0.0051960321209258385,
      "protection_precision": 0.7697368421052632
    },
    "9_12": {
      "block_precision": 0.7866404715127702,
      "block_recall": 0.9456778460085026,
      "false_block_rate": 0.9543057996485061,
      "false_allow_rate": 0.00803023145961266,
      "protection_precision": 0.7709251101321586
    }
  },
  "protection_metrics": {
    "0_4": 0.9971658006613132,
    "5_8": 0.9948039678790742,
    "9_12": 0.9919697685403873
  },
  "roc_auc": {
    "ADD": 0.9266665943789036,
    "SXL": 0.8426695400363661,
    "PH": 0.7901084010840108,
    "HH": 0.8138357063595019
  },
  "positives": {
    "ADD": 655,
    "SXL": 372,
    "PH": 697,
    "HH": 587
  }
}