{
  "model_name": "distilroberta-base",
  "mode": "multimodal",
  "image_feature_dim": 535,
  "image_analysis_model": "clip_ocr",
  "xai_method": "gradient_tokens",
  "train_size": 11068,
  "validation_size": 2767,
  "f1_thresholds": {
    "ADD": 0.7500000000000002,
    "SXL": 0.8000000000000002,
    "PH": 0.5500000000000002,
    "HH": 0.45000000000000007
  },
  "f2_thresholds": {
    "ADD": 0.15000000000000002,
    "SXL": 0.30000000000000004,
    "PH": 0.30000000000000004,
    "HH": 0.20000000000000004
  },
  "policy_thresholds": {
    "0_4": {
      "ADD": {
        "warn": 0.18,
        "block": 0.9
      },
      "SXL": {
        "warn": 0.12,
        "block": 0.68
      },
      "PH": {
        "warn": 0.12,
        "block": 0.78
      },
      "HH": {
        "warn": 0.22,
        "block": 0.78
      }
    },
    "5_8": {
      "ADD": {
        "warn": 0.22,
        "block": 0.94
      },
      "SXL": {
        "warn": 0.16,
        "block": 0.78
      },
      "PH": {
        "warn": 0.16,
        "block": 0.83
      },
      "HH": {
        "warn": 0.22,
        "block": 0.83
      }
    },
    "9_12": {
      "ADD": {
        "warn": 0.28,
        "block": 0.96
      },
      "SXL": {
        "warn": 0.22,
        "block": 0.84
      },
      "PH": {
        "warn": 0.22,
        "block": 0.88
      },
      "HH": {
        "warn": 0.28,
        "block": 0.88
      }
    }
  },
  "policy_metrics": {
    "0_4": {
      "block_precision": 0.8338543992853953,
      "block_recall": 0.8819083608880491,
      "false_block_rate": 0.9441624365482234,
      "false_allow_rate": 0.000944733112895607,
      "protection_precision": 0.7710535909588042
    },
    "5_8": {
      "block_precision": 0.8456090651558074,
      "block_recall": 0.8460085025980161,
      "false_block_rate": 0.9316239316239316,
      "false_allow_rate": 0.0033065658951346244,
      "protection_precision": 0.7711988304093568
    },
    "9_12": {
      "block_precision": 0.8595476065228826,
      "block_recall": 0.771846953235711,
      "false_block_rate": 0.8476190476190476,
      "false_allow_rate": 0.005668398677373642,
      "protection_precision": 0.7776135943849279
    }
  },
  "protection_metrics": {
    "0_4": 0.9990552668871044,
    "5_8": 0.9966934341048653,
    "9_12": 0.9943316013226263
  },
  "roc_auc": {
    "ADD": 0.95558639833449,
    "SXL": 0.9395559745886367,
    "PH": 0.9104786559374545,
    "HH": 0.9418884703749433
  },
  "positives": {
    "ADD": 655,
    "SXL": 372,
    "PH": 697,
    "HH": 587
  }
}