{
  "model_name": "distilroberta-base",
  "mode": "image",
  "image_feature_dim": 535,
  "image_analysis_model": "clip_ocr",
  "xai_method": "gradient_tokens",
  "train_size": 11068,
  "validation_size": 2767,
  "f1_thresholds": {
    "ADD": 0.7000000000000002,
    "SXL": 0.8000000000000002,
    "PH": 0.5000000000000001,
    "HH": 0.5500000000000002
  },
  "f2_thresholds": {
    "ADD": 0.30000000000000004,
    "SXL": 0.3500000000000001,
    "PH": 0.25000000000000006,
    "HH": 0.25000000000000006
  },
  "policy_thresholds": {
    "0_4": {
      "ADD": {
        "warn": 0.22,
        "block": 0.45
      },
      "SXL": {
        "warn": 0.12,
        "block": 0.28
      },
      "PH": {
        "warn": 0.18,
        "block": 0.35
      },
      "HH": {
        "warn": 0.14,
        "block": 0.3
      }
    },
    "5_8": {
      "ADD": {
        "warn": 0.26,
        "block": 0.52
      },
      "SXL": {
        "warn": 0.16,
        "block": 0.34
      },
      "PH": {
        "warn": 0.22,
        "block": 0.4
      },
      "HH": {
        "warn": 0.18,
        "block": 0.36
      }
    },
    "9_12": {
      "ADD": {
        "warn": 0.3,
        "block": 0.58
      },
      "SXL": {
        "warn": 0.2,
        "block": 0.4
      },
      "PH": {
        "warn": 0.26,
        "block": 0.46
      },
      "HH": {
        "warn": 0.22,
        "block": 0.42
      }
    }
  },
  "policy_metrics": {
    "0_4": {
      "block_precision": 0.7741815476190477,
      "block_recall": 0.9829948039678791,
      "false_block_rate": 0.982200647249191,
      "false_allow_rate": 0.001889466225791214,
      "protection_precision": 0.7678052325581395
    },
    "5_8": {
      "block_precision": 0.7805987116331944,
      "block_recall": 0.9730751062824752,
      "false_block_rate": 0.973109243697479,
      "false_allow_rate": 0.002834199338686821,
      "protection_precision": 0.7690346083788707
    },
    "9_12": {
      "block_precision": 0.7867647058823529,
      "block_recall": 0.9603212092583845,
      "false_block_rate": 0.9649737302977233,
      "false_allow_rate": 0.0051960321209258385,
      "protection_precision": 0.7697368421052632
    }
  },
  "protection_metrics": {
    "0_4": 0.9981105337742088,
    "5_8": 0.9971658006613132,
    "9_12": 0.9948039678790742
  },
  "roc_auc": {
    "ADD": 0.9274082668285913,
    "SXL": 0.8466484836240376,
    "PH": 0.7940812592269144,
    "HH": 0.8136106465779971
  },
  "positives": {
    "ADD": 655,
    "SXL": 372,
    "PH": 697,
    "HH": 587
  }
}